Date,Last Price
06/11/2025,
06/10/2025,6038.81
06/09/2025,6005.88
06/06/2025,6000.36
06/05/2025,5939.3
06/04/2025,5970.81
06/03/2025,5970.37
06/02/2025,5935.94
5/30/2025,5911.69
5/29/2025,5912.17
5/28/2025,5888.55
5/27/2025,5921.54
5/23/2025,5802.82
5/22/2025,5842.01
5/21/2025,5844.61
5/20/2025,5940.46
5/19/2025,5963.6
5/16/2025,5958.38
5/15/2025,5916.93
5/14/2025,5892.58
5/13/2025,5886.55
05/12/2025,5844.19
05/09/2025,5659.91
05/08/2025,5663.94
05/07/2025,5631.28
05/06/2025,5606.91
05/05/2025,5650.38
05/02/2025,5686.67
05/01/2025,5604.14
4/30/2025,5569.06
4/29/2025,5560.83
4/28/2025,5528.75
4/25/2025,5525.21
4/24/2025,5484.77
4/23/2025,5375.86
4/22/2025,5287.76
4/21/2025,5158.2
4/17/2025,5282.7
4/16/2025,5275.7
4/15/2025,5396.63
4/14/2025,5405.97
04/11/2025,5363.36
04/10/2025,5268.05
04/09/2025,5456.9
04/08/2025,4982.77
04/07/2025,5062.25
04/04/2025,5074.08
04/03/2025,5396.52
04/02/2025,5670.97
04/01/2025,5633.07
3/31/2025,5611.85
3/28/2025,5580.94
3/27/2025,5693.31
3/26/2025,5712.2
3/25/2025,5776.65
3/24/2025,5767.57
3/21/2025,5667.56
3/20/2025,5662.89
3/19/2025,5675.29
3/18/2025,5614.66
3/17/2025,5675.12
3/14/2025,5638.94
3/13/2025,5521.52
03/12/2025,5599.3
03/11/2025,5572.07
03/10/2025,5614.56
03/07/2025,5770.2
03/06/2025,5738.52
03/05/2025,5842.63
03/04/2025,5778.15
03/03/2025,5849.72
2/28/2025,5954.5
2/27/2025,5861.57
2/26/2025,5956.06
2/25/2025,5955.25
2/24/2025,5983.25
2/21/2025,6013.13
2/20/2025,6117.52
2/19/2025,6144.15
2/18/2025,6129.58
2/14/2025,6114.63
2/13/2025,6115.07
02/12/2025,6051.97
02/11/2025,6068.5
02/10/2025,6066.44
02/07/2025,6025.99
02/06/2025,6083.57
02/05/2025,6061.48
02/04/2025,6037.88
02/03/2025,5994.57
1/31/2025,6040.53
1/30/2025,6071.17
1/29/2025,6039.31
1/28/2025,6067.7
1/27/2025,6012.28
1/24/2025,6101.24
1/23/2025,6118.71
1/22/2025,6086.37
1/21/2025,6049.24
1/17/2025,5996.66
1/16/2025,5937.34
1/15/2025,5949.91
1/14/2025,5842.91
1/13/2025,5836.22
01/10/2025,5827.04
01/08/2025,5918.25
01/07/2025,5909.03
01/06/2025,5975.38
01/03/2025,5942.47
01/02/2025,5868.55
12/31/2024,5881.63
12/30/2024,5906.94
12/27/2024,5970.84
12/26/2024,6037.59
12/24/2024,6040.04
12/23/2024,5974.07
12/20/2024,5930.85
12/19/2024,5867.08
12/18/2024,5872.16
12/17/2024,6050.61
12/16/2024,6074.08
12/13/2024,6051.09
12/12/2024,6051.25
12/11/2024,6084.19
12/10/2024,6034.91
12/09/2024,6052.85
12/06/2024,6090.27
12/05/2024,6075.11
12/04/2024,6086.49
12/03/2024,6049.88
12/02/2024,6047.15
11/29/2024,6032.38
11/27/2024,5998.74
11/26/2024,6021.63
11/25/2024,5987.37
11/22/2024,5969.34
11/21/2024,5948.71
11/20/2024,5917.11
11/19/2024,5916.98
11/18/2024,5893.62
11/15/2024,5870.62
11/14/2024,5949.17
11/13/2024,5985.38
11/12/2024,5983.99
11/11/2024,6001.35
11/08/2024,5995.54
11/07/2024,5973.1
11/06/2024,5929.04
11/05/2024,5782.76
11/04/2024,5712.69
11/01/2024,5728.8
10/31/2024,5705.45
10/30/2024,5813.67
10/29/2024,5832.92
10/28/2024,5823.52
10/25/2024,5808.12
10/24/2024,5809.86
10/23/2024,5797.42
10/22/2024,5851.2
10/21/2024,5853.98
10/18/2024,5864.67
10/17/2024,5841.47
10/16/2024,5842.47
10/15/2024,5815.26
10/14/2024,5859.85
10/11/2024,5815.03
10/10/2024,5780.05
10/09/2024,5792.04
10/08/2024,5751.13
10/07/2024,5695.94
10/04/2024,5751.07
10/03/2024,5699.94
10/02/2024,5709.54
10/01/2024,5708.75
9/30/2024,5762.48
9/27/2024,5738.17
9/26/2024,5745.37
9/25/2024,5722.26
9/24/2024,5732.93
9/23/2024,5718.57
9/20/2024,5702.55
9/19/2024,5713.64
9/18/2024,5618.26
9/17/2024,5634.58
9/16/2024,5633.09
9/13/2024,5626.02
09/12/2024,5595.76
09/11/2024,5554.13
09/10/2024,5495.52
09/09/2024,5471.05
09/06/2024,5408.42
09/05/2024,5503.41
09/04/2024,5520.07
09/03/2024,5528.93
8/30/2024,5648.4
8/29/2024,5591.96
8/28/2024,5592.18
8/27/2024,5625.8
8/26/2024,5616.84
8/23/2024,5634.61
8/22/2024,5570.64
8/21/2024,5620.85
8/20/2024,5597.12
8/19/2024,5608.25
8/16/2024,5554.25
8/15/2024,5543.22
8/14/2024,5455.21
8/13/2024,5434.43
08/12/2024,5344.39
08/09/2024,5344.16
08/08/2024,5319.31
08/07/2024,5199.5
08/06/2024,5240.03
08/05/2024,5186.33
08/02/2024,5346.56
08/01/2024,5446.68
7/31/2024,5522.3
7/30/2024,5436.44
7/29/2024,5463.54
7/26/2024,5459.1
7/25/2024,5399.22
7/24/2024,5427.13
7/23/2024,5555.74
7/22/2024,5564.41
7/19/2024,5505
7/18/2024,5544.59
7/17/2024,5588.27
7/16/2024,5667.2
7/15/2024,5631.22
07/12/2024,5615.35
07/11/2024,5584.54
07/10/2024,5633.91
07/09/2024,5576.98
07/08/2024,5572.85
07/05/2024,5567.19
07/03/2024,5537.02
07/02/2024,5509.01
07/01/2024,5475.09
6/28/2024,5460.48
6/27/2024,5482.87
6/26/2024,5477.9
6/25/2024,5469.3
6/24/2024,5447.87
6/21/2024,5464.62
6/20/2024,5473.17
6/18/2024,5487.03
6/17/2024,5473.23
6/14/2024,5431.6
6/13/2024,5433.74
06/12/2024,5421.03
06/11/2024,5375.32
06/10/2024,5360.79
06/07/2024,5346.99
06/06/2024,5352.96
06/05/2024,5354.03
06/04/2024,5291.34
06/03/2024,5283.4
5/31/2024,5277.51
5/30/2024,5235.48
5/29/2024,5266.95
5/28/2024,5306.04
5/24/2024,5304.72
5/23/2024,5267.84
5/22/2024,5307.01
5/21/2024,5321.41
5/20/2024,5308.13
5/17/2024,5303.27
5/16/2024,5297.1
5/15/2024,5308.15
5/14/2024,5246.68
5/13/2024,5221.42
05/10/2024,5222.68
05/09/2024,5214.08
05/08/2024,5187.67
05/07/2024,5187.7
05/06/2024,5180.74
05/03/2024,5127.79
05/02/2024,5064.2
05/01/2024,5018.39
4/30/2024,5035.69
4/29/2024,5116.17
4/26/2024,5099.96
4/25/2024,5048.42
4/24/2024,5071.63
4/23/2024,5070.55
4/22/2024,5010.6
4/19/2024,4967.23
4/18/2024,5011.12
4/17/2024,5022.21
4/16/2024,5051.41
4/15/2024,5061.82
04/12/2024,5123.41
04/11/2024,5199.06
04/10/2024,5160.64
04/09/2024,5209.91
04/08/2024,5202.39
04/05/2024,5204.34
04/04/2024,5147.21
04/03/2024,5211.49
04/02/2024,5205.81
04/01/2024,5243.77
3/28/2024,5254.35
3/27/2024,5248.49
3/26/2024,5203.58
3/25/2024,5218.19
3/22/2024,5234.18
3/21/2024,5241.53
3/20/2024,5224.62
3/19/2024,5178.51
3/18/2024,5149.42
3/15/2024,5117.09
3/14/2024,5150.48
3/13/2024,5165.31
03/12/2024,5175.27
03/11/2024,5117.94
03/08/2024,5123.69
03/07/2024,5157.36
03/06/2024,5104.76
03/05/2024,5078.65
03/04/2024,5130.95
03/01/2024,5137.08
2/29/2024,5096.27
2/28/2024,5069.76
2/27/2024,5078.18
2/26/2024,5069.53
2/23/2024,5088.8
2/22/2024,5087.03
2/21/2024,4981.8
2/20/2024,4975.51
2/16/2024,5005.57
2/15/2024,5029.73
2/14/2024,5000.62
2/13/2024,4953.17
02/12/2024,5021.84
02/09/2024,5026.61
02/08/2024,4997.91
02/07/2024,4995.06
02/06/2024,4954.23
02/05/2024,4942.81
02/02/2024,4958.61
02/01/2024,4906.19
1/31/2024,4845.65
1/30/2024,4924.97
1/29/2024,4927.93
1/26/2024,4890.97
1/25/2024,4894.16
1/24/2024,4868.55
1/23/2024,4864.6
1/22/2024,4850.43
1/19/2024,4839.81
1/18/2024,4780.94
1/17/2024,4739.21
1/16/2024,4765.98
01/12/2024,4783.83
01/11/2024,4780.24
01/10/2024,4783.45
01/09/2024,4756.5
01/08/2024,4763.54
01/05/2024,4697.24
01/04/2024,4688.68
01/03/2024,4704.81
01/02/2024,4742.83
12/29/2023,4769.83
12/28/2023,4783.35
12/27/2023,4781.58
12/26/2023,4774.75
12/22/2023,4754.63
12/21/2023,4746.75
12/20/2023,4698.35
12/19/2023,4768.37
12/18/2023,4740.56
12/15/2023,4719.19
12/14/2023,4719.55
12/13/2023,4707.09
12/12/2023,4643.7
12/11/2023,4622.44
12/08/2023,4604.37
12/07/2023,4585.59
12/06/2023,4549.34
12/05/2023,4567.18
12/04/2023,4569.78
12/01/2023,4594.63
11/30/2023,4567.8
11/29/2023,4550.58
11/28/2023,4554.89
11/27/2023,4550.43
11/24/2023,4559.34
11/22/2023,4556.62
11/21/2023,4538.19
11/20/2023,4547.38
11/17/2023,4514.02
11/16/2023,4508.24
11/15/2023,4502.88
11/14/2023,4495.7
11/13/2023,4411.55
11/10/2023,4415.24
11/09/2023,4347.35
11/08/2023,4382.78
11/07/2023,4378.38
11/06/2023,4365.98
11/03/2023,4358.34
11/02/2023,4317.78
11/01/2023,4237.86
10/31/2023,4193.8
10/30/2023,4166.82
10/27/2023,4117.37
10/26/2023,4137.23
10/25/2023,4186.77
10/24/2023,4247.68
10/23/2023,4217.04
10/20/2023,4224.16
10/19/2023,4278
10/18/2023,4314.6
10/17/2023,4373.2
10/16/2023,4373.63
10/13/2023,4327.78
10/12/2023,4349.61
10/11/2023,4376.95
10/10/2023,4358.24
10/09/2023,4335.66
10/06/2023,4308.5
10/05/2023,4258.19
10/04/2023,4263.75
10/03/2023,4229.45
10/02/2023,4288.39
9/29/2023,4288.05
9/28/2023,4299.7
9/27/2023,4274.51
9/26/2023,4273.53
9/25/2023,4337.44
9/22/2023,4320.06
9/21/2023,4330
9/20/2023,4402.2
9/19/2023,4443.95
9/18/2023,4453.53
9/15/2023,4450.32
9/14/2023,4505.1
9/13/2023,4467.44
09/12/2023,4461.9
09/11/2023,4487.46
09/08/2023,4457.49
09/07/2023,4451.14
09/06/2023,4465.48
09/05/2023,4496.83
09/01/2023,4515.77
8/31/2023,4507.66
8/30/2023,4514.87
8/29/2023,4497.63
8/28/2023,4433.31
8/25/2023,4405.71
8/24/2023,4376.31
8/23/2023,4436.01
8/22/2023,4387.55
8/21/2023,4399.77
8/18/2023,4369.71
8/17/2023,4370.36
8/16/2023,4404.33
8/15/2023,4437.86
8/14/2023,4489.72
08/11/2023,4464.05
08/10/2023,4468.83
08/09/2023,4467.71
08/08/2023,4499.38
08/07/2023,4518.44
08/04/2023,4478.03
08/03/2023,4501.89
08/02/2023,4513.39
08/01/2023,4576.73
7/31/2023,4588.96
7/28/2023,4582.23
7/27/2023,4537.41
7/26/2023,4566.75
7/25/2023,4567.46
7/24/2023,4554.64
7/21/2023,4536.34
7/20/2023,4534.87
7/19/2023,4565.72
7/18/2023,4554.98
7/17/2023,4522.79
7/14/2023,4505.42
7/13/2023,4510.04
07/12/2023,4472.16
07/11/2023,4439.26
07/10/2023,4409.53
07/07/2023,4398.95
07/06/2023,4411.59
07/05/2023,4446.82
07/03/2023,4455.59
6/30/2023,4450.38
6/29/2023,4396.44
6/28/2023,4376.86
6/27/2023,4378.41
6/26/2023,4328.82
6/23/2023,4348.33
6/22/2023,4381.89
6/21/2023,4365.69
6/20/2023,4388.71
6/16/2023,4409.59
6/15/2023,4425.84
6/14/2023,4372.59
6/13/2023,4369.01
06/12/2023,4338.93
06/09/2023,4298.86
06/08/2023,4293.93
06/07/2023,4267.52
06/06/2023,4283.85
06/05/2023,4273.79
06/02/2023,4282.37
06/01/2023,4221.02
5/31/2023,4179.83
5/30/2023,4205.52
5/26/2023,4205.45
5/25/2023,4151.28
5/24/2023,4115.24
5/23/2023,4145.58
5/22/2023,4192.63
5/19/2023,4191.98
5/18/2023,4198.05
5/17/2023,4158.77
5/16/2023,4109.9
5/15/2023,4136.28
05/12/2023,4124.08
05/11/2023,4130.62
05/10/2023,4137.64
05/09/2023,4119.17
05/08/2023,4138.12
05/05/2023,4136.25
05/04/2023,4061.22
05/03/2023,4090.75
05/02/2023,4119.58
05/01/2023,4167.87
4/28/2023,4169.48
4/27/2023,4135.35
4/26/2023,4055.99
4/25/2023,4071.63
4/24/2023,4137.04
4/21/2023,4133.52
4/20/2023,4129.79
4/19/2023,4154.52
4/18/2023,4154.87
4/17/2023,4151.32
4/14/2023,4137.64
4/13/2023,4146.22
04/12/2023,4091.95
04/11/2023,4108.94
04/10/2023,4109.11
04/06/2023,4105.02
04/05/2023,4090.38
04/04/2023,4100.6
04/03/2023,4124.51
3/31/2023,4109.31
3/30/2023,4050.83
3/29/2023,4027.81
3/28/2023,3971.27
3/27/2023,3977.53
3/24/2023,3970.99
3/23/2023,3948.72
3/22/2023,3936.97
3/21/2023,4002.87
3/20/2023,3951.57
3/17/2023,3916.64
3/16/2023,3960.28
3/15/2023,3891.93
3/14/2023,3919.29
3/13/2023,3855.76
03/10/2023,3861.59
03/09/2023,3918.32
03/08/2023,3992.01
03/07/2023,3986.37
03/06/2023,4048.42
03/03/2023,4045.64
03/02/2023,3981.35
03/01/2023,3951.39
2/28/2023,3970.15
2/27/2023,3982.24
2/24/2023,3970.04
2/23/2023,4012.32
2/22/2023,3991.05
2/21/2023,3997.34
2/17/2023,4079.09
2/16/2023,4090.41
2/15/2023,4147.6
2/14/2023,4136.13
2/13/2023,4137.29
02/10/2023,4090.46
02/09/2023,4081.5
02/08/2023,4117.86
02/07/2023,4164
02/06/2023,4111.08
02/03/2023,4136.48
02/02/2023,4179.76
02/01/2023,4119.21
1/31/2023,4076.6
1/30/2023,4017.77
1/27/2023,4070.56
1/26/2023,4060.43
1/25/2023,4016.22
1/24/2023,4016.95
1/23/2023,4019.81
1/20/2023,3972.61
1/19/2023,3898.85
1/18/2023,3928.86
1/17/2023,3990.97
1/13/2023,3999.09
01/12/2023,3983.17
01/11/2023,3969.61
01/10/2023,3919.25
01/09/2023,3892.09
01/06/2023,3895.08
01/05/2023,3808.1
01/04/2023,3852.97
01/03/2023,3824.14
12/30/2022,3839.5
12/29/2022,3849.28
12/28/2022,3783.22
12/27/2022,3829.25
12/23/2022,3844.82
12/22/2022,3822.39
12/21/2022,3878.44
12/20/2022,3821.62
12/19/2022,3817.66
12/16/2022,3852.36
12/15/2022,3895.75
12/14/2022,3995.32
12/13/2022,4019.65
12/12/2022,3990.56
12/09/2022,3934.38
12/08/2022,3963.51
12/07/2022,3933.92
12/06/2022,3941.26
12/05/2022,3998.84
12/02/2022,4071.7
12/01/2022,4076.57
11/30/2022,4080.11
11/29/2022,3957.63
11/28/2022,3963.94
11/25/2022,4026.12
11/23/2022,4027.26
11/22/2022,4003.58
11/21/2022,3949.94
11/18/2022,3965.34
11/17/2022,3946.56
11/16/2022,3958.79
11/15/2022,3991.73
11/14/2022,3957.25
11/11/2022,3992.93
11/10/2022,3956.37
11/09/2022,3748.57
11/08/2022,3828.11
11/07/2022,3806.8
11/04/2022,3770.55
11/03/2022,3719.89
11/02/2022,3759.69
11/01/2022,3856.1
10/31/2022,3871.98
10/28/2022,3901.06
10/27/2022,3807.3
10/26/2022,3830.6
10/25/2022,3859.11
10/24/2022,3797.34
10/21/2022,3752.75
10/20/2022,3665.78
10/19/2022,3695.16
10/18/2022,3719.98
10/17/2022,3677.95
10/14/2022,3583.07
10/13/2022,3669.91
10/12/2022,3577.03
10/11/2022,3588.84
10/10/2022,3612.39
10/07/2022,3639.66
10/06/2022,3744.52
10/05/2022,3783.28
10/04/2022,3790.93
10/03/2022,3678.43
9/30/2022,3585.62
9/29/2022,3640.47
9/28/2022,3719.04
9/27/2022,3647.29
9/26/2022,3655.04
9/23/2022,3693.23
9/22/2022,3757.99
9/21/2022,3789.93
9/20/2022,3855.93
9/19/2022,3899.89
9/16/2022,3873.33
9/15/2022,3901.35
9/14/2022,3946.01
9/13/2022,3932.69
09/12/2022,4110.41
09/09/2022,4067.36
09/08/2022,4006.18
09/07/2022,3979.87
09/06/2022,3908.19
09/02/2022,3924.26
09/01/2022,3966.85
8/31/2022,3955
8/30/2022,3986.16
8/29/2022,4030.61
8/26/2022,4057.66
8/25/2022,4199.12
8/24/2022,4140.77
8/23/2022,4128.73
8/22/2022,4137.99
8/19/2022,4228.48
8/18/2022,4283.74
8/17/2022,4274.04
8/16/2022,4305.2
8/15/2022,4297.14
08/12/2022,4280.15
08/11/2022,4207.27
08/10/2022,4210.24
08/09/2022,4122.47
08/08/2022,4140.06
08/05/2022,4145.19
08/04/2022,4151.94
08/03/2022,4155.17
08/02/2022,4091.19
08/01/2022,4118.63
7/29/2022,4130.29
7/28/2022,4072.43
7/27/2022,4023.61
7/26/2022,3921.05
7/25/2022,3966.84
7/22/2022,3961.63
7/21/2022,3998.95
7/20/2022,3959.9
7/19/2022,3936.69
7/18/2022,3830.85
7/15/2022,3863.16
7/14/2022,3790.38
7/13/2022,3801.78
07/12/2022,3818.8
07/11/2022,3854.43
07/08/2022,3899.38
07/07/2022,3902.62
07/06/2022,3845.08
07/05/2022,3831.39
07/01/2022,3825.33
6/30/2022,3785.38
6/29/2022,3818.83
6/28/2022,3821.55
6/27/2022,3900.11
6/24/2022,3911.74
6/23/2022,3795.73
6/22/2022,3759.89
6/21/2022,3764.79
6/17/2022,3674.84
6/16/2022,3666.77
6/15/2022,3789.99
6/14/2022,3735.48
6/13/2022,3749.63
06/10/2022,3900.86
06/09/2022,4017.82
06/08/2022,4115.77
06/07/2022,4160.68
06/06/2022,4121.43
06/03/2022,4108.54
06/02/2022,4176.82
06/01/2022,4101.23
5/31/2022,4132.15
5/27/2022,4158.24
5/26/2022,4057.84
5/25/2022,3978.73
5/24/2022,3941.48
5/23/2022,3973.75
5/20/2022,3901.36
5/19/2022,3900.79
5/18/2022,3923.68
5/17/2022,4088.85
5/16/2022,4008.01
5/13/2022,4023.89
05/12/2022,3930.08
05/11/2022,3935.18
05/10/2022,4001.05
05/09/2022,3991.24
05/06/2022,4123.34
05/05/2022,4146.87
05/04/2022,4300.17
05/03/2022,4175.48
05/02/2022,4155.38
4/29/2022,4131.93
4/28/2022,4287.5
4/27/2022,4183.96
4/26/2022,4175.2
4/25/2022,4296.12
4/22/2022,4271.78
4/21/2022,4393.66
4/20/2022,4459.45
4/19/2022,4462.21
4/18/2022,4391.69
4/14/2022,4392.59
4/13/2022,4446.59
04/12/2022,4397.45
04/11/2022,4412.53
04/08/2022,4488.28
04/07/2022,4500.21
04/06/2022,4481.15
04/05/2022,4525.12
04/04/2022,4582.64
04/01/2022,4545.86
3/31/2022,4530.41
3/30/2022,4602.45
3/29/2022,4631.6
3/28/2022,4575.52
3/25/2022,4543.06
3/24/2022,4520.16
3/23/2022,4456.24
3/22/2022,4511.61
3/21/2022,4461.18
3/18/2022,4463.12
3/17/2022,4411.67
3/16/2022,4357.86
3/15/2022,4262.45
3/14/2022,4173.11
03/11/2022,4204.31
03/10/2022,4259.52
03/09/2022,4277.88
03/08/2022,4170.7
03/07/2022,4201.09
03/04/2022,4328.87
03/03/2022,4363.49
03/02/2022,4386.54
03/01/2022,4306.26
2/28/2022,4373.94
2/25/2022,4384.65
2/24/2022,4288.7
2/23/2022,4225.5
2/22/2022,4304.76
2/18/2022,4348.87
2/17/2022,4380.26
2/16/2022,4475.01
2/15/2022,4471.07
2/14/2022,4401.67
02/11/2022,4418.64
02/10/2022,4504.08
02/09/2022,4587.18
02/08/2022,4521.54
02/07/2022,4483.87
02/04/2022,4500.53
02/03/2022,4477.44
02/02/2022,4589.38
02/01/2022,4546.54
1/31/2022,4515.55
1/28/2022,4431.85
1/27/2022,4326.51
1/26/2022,4349.93
1/25/2022,4356.45
1/24/2022,4410.13
1/21/2022,4397.94
1/20/2022,4482.73
1/19/2022,4532.76
1/18/2022,4577.11
1/14/2022,4662.85
1/13/2022,4659.03
01/12/2022,4726.35
01/11/2022,4713.07
01/10/2022,4670.29
01/07/2022,4677.03
01/06/2022,4696.05
01/05/2022,4700.58
01/04/2022,4793.54
01/03/2022,4796.56
12/31/2021,4766.18
12/30/2021,4778.73
12/29/2021,4793.06
12/28/2021,4786.35
12/27/2021,4791.19
12/23/2021,4725.79
12/22/2021,4696.56
12/21/2021,4649.23
12/20/2021,4568.02
12/17/2021,4620.64
12/16/2021,4668.67
12/15/2021,4709.85
12/14/2021,4634.09
12/13/2021,4668.97
12/10/2021,4712.02
12/09/2021,4667.45
12/08/2021,4701.21
12/07/2021,4686.75
12/06/2021,4591.67
12/03/2021,4538.43
12/02/2021,4577.1
12/01/2021,4513.04
11/30/2021,4567
11/29/2021,4655.27
11/26/2021,4594.62
11/24/2021,4701.46
11/23/2021,4690.7
11/22/2021,4682.94
11/19/2021,4697.96
11/18/2021,4704.54
11/17/2021,4688.67
11/16/2021,4700.9
11/15/2021,4682.8
11/12/2021,4682.85
11/11/2021,4649.27
11/10/2021,4646.71
11/09/2021,4685.25
11/08/2021,4701.7
11/05/2021,4697.53
11/04/2021,4680.06
11/03/2021,4660.57
11/02/2021,4630.65
11/01/2021,4613.67
10/29/2021,4605.38
10/28/2021,4596.42
10/27/2021,4551.68
10/26/2021,4574.79
10/25/2021,4566.48
10/22/2021,4544.9
10/21/2021,4549.78
10/20/2021,4536.19
10/19/2021,4519.63
10/18/2021,4486.46
10/15/2021,4471.37
10/14/2021,4438.26
10/13/2021,4363.8
10/12/2021,4350.65
10/11/2021,4361.19
10/08/2021,4391.34
10/07/2021,4399.76
10/06/2021,4363.55
10/05/2021,4345.72
10/04/2021,4300.46
10/01/2021,4357.04
9/30/2021,4307.54
9/29/2021,4359.46
9/28/2021,4352.63
9/27/2021,4443.11
9/24/2021,4455.48
9/23/2021,4448.98
9/22/2021,4395.64
9/21/2021,4354.19
9/20/2021,4357.73
9/17/2021,4432.99
9/16/2021,4473.75
9/15/2021,4480.7
9/14/2021,4443.05
9/13/2021,4468.73
09/10/2021,4458.58
09/09/2021,4493.28
09/08/2021,4514.07
09/07/2021,4520.03
09/03/2021,4535.43
09/02/2021,4536.95
09/01/2021,4524.09
8/31/2021,4522.68
8/30/2021,4528.79
8/27/2021,4509.37
8/26/2021,4470
8/25/2021,4496.19
8/24/2021,4486.23
8/23/2021,4479.53
8/20/2021,4441.67
8/19/2021,4405.8
8/18/2021,4400.27
8/17/2021,4448.08
8/16/2021,4479.71
8/13/2021,4468
08/12/2021,4460.83
08/11/2021,4447.7
08/10/2021,4436.75
08/09/2021,4432.35
08/06/2021,4436.52
08/05/2021,4429.1
08/04/2021,4402.66
08/03/2021,4423.15
08/02/2021,4387.16
7/30/2021,4395.26
7/29/2021,4419.15
7/28/2021,4400.64
7/27/2021,4401.46
7/26/2021,4422.3
7/23/2021,4411.79
7/22/2021,4367.48
7/21/2021,4358.69
7/20/2021,4323.06
7/19/2021,4258.49
7/16/2021,4327.16
7/15/2021,4360.03
7/14/2021,4374.3
7/13/2021,4369.21
07/12/2021,4384.63
07/09/2021,4369.55
07/08/2021,4320.82
07/07/2021,4358.13
07/06/2021,4343.54
07/02/2021,4352.34
07/01/2021,4319.94
6/30/2021,4297.5
6/29/2021,4291.8
6/28/2021,4290.61
6/25/2021,4280.7
6/24/2021,4266.49
6/23/2021,4241.84
6/22/2021,4246.44
6/21/2021,4224.79
6/18/2021,4166.45
6/17/2021,4221.86
6/16/2021,4223.7
6/15/2021,4246.59
6/14/2021,4255.15
06/11/2021,4247.44
06/10/2021,4239.18
06/09/2021,4219.55
06/08/2021,4227.26
06/07/2021,4226.52
06/04/2021,4229.89
06/03/2021,4192.85
06/02/2021,4208.12
06/01/2021,4202.04
5/28/2021,4204.11
5/27/2021,4200.88
5/26/2021,4195.99
5/25/2021,4188.13
5/24/2021,4197.05
5/21/2021,4155.86
5/20/2021,4159.12
5/19/2021,4115.68
5/18/2021,4127.83
5/17/2021,4163.29
5/14/2021,4173.85
5/13/2021,4112.5
05/12/2021,4063.04
05/11/2021,4152.1
05/10/2021,4188.43
05/07/2021,4232.6
05/06/2021,4201.62
05/05/2021,4167.59
05/04/2021,4164.66
05/03/2021,4192.66
4/30/2021,4181.17
4/29/2021,4211.47
4/28/2021,4183.18
4/27/2021,4186.72
4/26/2021,4187.62
4/23/2021,4180.17
4/22/2021,4134.98
4/21/2021,4173.42
4/20/2021,4134.94
4/19/2021,4163.26
4/16/2021,4185.47
4/15/2021,4170.42
4/14/2021,4124.66
4/13/2021,4141.59
04/12/2021,4127.99
04/09/2021,4128.8
04/08/2021,4097.17
04/07/2021,4079.95
04/06/2021,4073.94
04/05/2021,4077.91
04/01/2021,4019.87
3/31/2021,3972.89
3/30/2021,3958.55
3/29/2021,3971.09
3/26/2021,3974.54
3/25/2021,3909.52
3/24/2021,3889.14
3/23/2021,3910.52
3/22/2021,3940.59
3/19/2021,3913.1
3/18/2021,3915.46
3/17/2021,3974.12
3/16/2021,3962.71
3/15/2021,3968.94
03/12/2021,3943.34
03/11/2021,3939.34
03/10/2021,3898.81
03/09/2021,3875.44
03/08/2021,3821.35
03/05/2021,3841.94
03/04/2021,3768.47
03/03/2021,3819.72
03/02/2021,3870.29
03/01/2021,3901.82
2/26/2021,3811.15
2/25/2021,3829.34
2/24/2021,3925.43
2/23/2021,3881.37
2/22/2021,3876.5
2/19/2021,3906.71
2/18/2021,3913.97
2/17/2021,3931.33
2/16/2021,3932.59
02/12/2021,3934.83
02/11/2021,3916.38
02/10/2021,3909.88
02/09/2021,3911.23
02/08/2021,3915.59
02/05/2021,3886.83
02/04/2021,3871.74
02/03/2021,3830.17
02/02/2021,3826.31
02/01/2021,3773.86
1/29/2021,3714.24
1/28/2021,3787.38
1/27/2021,3750.77
1/26/2021,3849.62
1/25/2021,3855.36
1/22/2021,3841.47
1/21/2021,3853.07
1/20/2021,3851.85
1/19/2021,3798.91
1/15/2021,3768.25
1/14/2021,3795.54
1/13/2021,3809.84
01/12/2021,3801.19
01/11/2021,3799.61
01/08/2021,3824.68
01/07/2021,3803.79
01/06/2021,3748.14
01/05/2021,3726.86
01/04/2021,3700.65
12/31/2020,3756.07
12/30/2020,3732.04
12/29/2020,3727.04
12/28/2020,3735.36
12/24/2020,3703.06
12/23/2020,3690.01
12/22/2020,3687.26
12/21/2020,3694.92
12/18/2020,3709.41
12/17/2020,3722.48
12/16/2020,3701.17
12/15/2020,3694.62
12/14/2020,3647.49
12/11/2020,3663.46
12/10/2020,3668.1
12/09/2020,3672.82
12/08/2020,3702.25
12/07/2020,3691.96
12/04/2020,3699.12
12/03/2020,3666.72
12/02/2020,3669.01
12/01/2020,3662.45
11/30/2020,3621.63
11/27/2020,3638.35
11/25/2020,3629.65
11/24/2020,3635.41
11/23/2020,3577.59
11/20/2020,3557.54
11/19/2020,3581.87
11/18/2020,3567.79
11/17/2020,3609.53
11/16/2020,3626.91
11/13/2020,3585.15
11/12/2020,3537.01
11/11/2020,3572.66
11/10/2020,3545.53
11/09/2020,3550.5
11/06/2020,3509.44
11/05/2020,3510.45
11/04/2020,3443.44
11/03/2020,3369.16
11/02/2020,3310.24
10/30/2020,3269.96
10/29/2020,3310.11
10/28/2020,3271.03
10/27/2020,3390.68
10/26/2020,3400.97
10/23/2020,3465.39
10/22/2020,3453.49
10/21/2020,3435.56
10/20/2020,3443.12
10/19/2020,3426.92
10/16/2020,3483.81
10/15/2020,3483.34
10/14/2020,3488.67
10/13/2020,3511.93
10/12/2020,3534.22
10/09/2020,3477.13
10/08/2020,3446.83
10/07/2020,3419.45
10/06/2020,3360.95
10/05/2020,3408.63
10/02/2020,3348.44
10/01/2020,3380.8
9/30/2020,3363
9/29/2020,3335.47
9/28/2020,3351.6
9/25/2020,3298.46
9/24/2020,3246.59
9/23/2020,3236.92
9/22/2020,3315.57
9/21/2020,3281.06
9/18/2020,3319.47
9/17/2020,3357.01
9/16/2020,3385.49
9/15/2020,3401.2
9/14/2020,3383.54
09/11/2020,3340.97
09/10/2020,3339.19
09/09/2020,3398.96
09/08/2020,3331.84
09/04/2020,3426.96
09/03/2020,3455.06
09/02/2020,3580.84
09/01/2020,3526.65
8/31/2020,3500.31
8/28/2020,3508.01
8/27/2020,3484.55
8/26/2020,3478.73
8/25/2020,3443.62
8/24/2020,3431.28
8/21/2020,3397.16
8/20/2020,3385.51
8/19/2020,3374.85
8/18/2020,3389.78
8/17/2020,3381.99
8/14/2020,3372.85
8/13/2020,3373.43
08/12/2020,3380.35
08/11/2020,3333.69
08/10/2020,3360.47
08/07/2020,3351.28
08/06/2020,3349.16
08/05/2020,3327.77
08/04/2020,3306.51
08/03/2020,3294.61
7/31/2020,3271.12
7/30/2020,3246.22
7/29/2020,3258.44
7/28/2020,3218.44
7/27/2020,3239.41
7/24/2020,3215.63
7/23/2020,3235.66
7/22/2020,3276.02
7/21/2020,3257.3
7/20/2020,3251.84
7/17/2020,3224.73
7/16/2020,3215.57
7/15/2020,3226.56
7/14/2020,3197.52
7/13/2020,3155.22
07/10/2020,3185.04
07/09/2020,3152.05
07/08/2020,3169.94
07/07/2020,3145.32
07/06/2020,3179.72
07/02/2020,3130.01
07/01/2020,3115.86
6/30/2020,3100.29
6/29/2020,3053.24
6/26/2020,3009.05
6/25/2020,3083.76
6/24/2020,3050.33
6/23/2020,3131.29
6/22/2020,3117.86
6/19/2020,3097.74
6/18/2020,3115.34
6/17/2020,3113.49
6/16/2020,3124.74
6/15/2020,3066.59
06/12/2020,3041.31
