Strike,Time,Price,Vol,q
3500,10,2523.620117,15,2.086
4000,10,2040.550049,2008,2.086
4275,10,1766.790039,1,2.086
4300,10,1723.5,1,2.086
5000,10,1042.320068,5764,2.086
5100,10,940.3901367,4,2.086
5200,10,836.0300293,2,2.086
5300,10,734.6000977,7,2.086
5325,10,711.3300781,17,2.086
5400,10,628.4599609,34,2.086
5415,10,612.6000977,17,2.086
5430,10,596,10,2.086
5450,10,578.7099609,31,2.086
5485,10,547.2199707,1,2.086
5500,10,523.5600586,3,2.086
5510,10,522.3200684,1,2.086
5525,10,511,90,2.086
5685,10,358.3000488,30,2.086
5690,10,349.3999023,10,2.086
5695,10,350.3000488,11,2.086
5700,10,337.4399414,23,2.086
5705,10,332.1899414,20,2.086
5730,10,299.4499512,1,2.086
5740,10,289.75,1,2.086
5750,10,274.4499512,250,2.086
5755,10,275.2199707,10,2.086
5770,10,254.6100006,1,2.086
5790,10,252,3,2.086
5800,10,242.1999969,5,2.086
5850,10,200.3000031,115,2.086
5865,10,180.3000031,1,2.086
5870,10,176,2,2.086
5885,10,162.6999969,1,2.086
5890,10,148.1499939,7,2.086
5900,10,150.7599945,312,2.086
5905,10,134.6000061,27,2.086
5910,10,144.5399933,4,2.086
5925,10,128.3300018,28,2.086
5930,10,124.5,19,2.086
5935,10,128.5399933,10,2.086
5940,10,124.1600037,16,2.086
5945,10,114.3000031,48,2.086
5950,10,112.9900055,91,2.086
5955,10,110.9000092,4,2.086
5960,10,103.6999969,44,2.086
5965,10,88.52000427,5,2.086
5970,10,87.30000305,4,2.086
5975,10,91.46000671,62,2.086
5980,10,91.44000244,178,2.086
5985,10,87.1000061,27,2.086
5990,10,79.29000854,21,2.086
5995,10,80.72000122,310,2.086
6000,10,77.8500061,22282,2.086
6005,10,68.1000061,30,2.086
6010,10,69.21000671,30,2.086
6015,10,56.6000061,143,2.086
6020,10,62.88999939,2630,2.086
6025,10,60.69999695,4252,2.086
6030,10,57.16000366,1376,2.086
6035,10,55.90000916,2535,2.086
6040,10,51.5,2360,2.086
6045,10,49.30000305,879,2.086
6050,10,47.80000305,729,2.086
6055,10,44.19999695,32,2.086
6060,10,41.11000061,63,2.086
6065,10,41.69999695,22,2.086
6070,10,37.69999695,109,2.086
6075,10,32.16000366,598,2.086
6080,10,30.80000305,10,2.086
6085,10,31.19999695,523,2.086
6090,10,25.77000427,47,2.086
6095,10,24.30000305,2,2.086
6100,10,24.6000061,4607,2.086
6105,10,20.8999939,2,2.086
6110,10,20.1000061,18,2.086
6115,10,18.30999756,24,2.086
6120,10,18.5,240,2.086
6125,10,17.08000183,1849,2.086
6130,10,15.85000038,55,2.086
6135,10,15.19999981,841,2.086
6140,10,13.25,141,2.086
6145,10,14.30000019,53,2.086
6150,10,10.60000038,6450,2.086
6155,10,12.34000015,7,2.086
6160,10,10.56000042,818,2.086
6165,10,8.800000191,86,2.086
6170,10,8.649999619,255,2.086
6175,10,7.300000191,719,2.086
6180,10,7.06000042,19,2.086
6185,10,5.230000496,207,2.086
6190,10,5.989999771,70,2.086
6195,10,5.25,1,2.086
6200,10,4.5,1229,2.086
6210,10,4.199999809,1041,2.086
6220,10,3.069999695,355,2.086
6225,10,2.699999809,201,2.086
6230,10,2.25,8,2.086
6240,10,2.449999809,1,2.086
6250,10,1.770000458,1469,2.086
6260,10,1.199999809,13,2.086
6270,10,1.100000381,3,2.086
6275,10,1,500,2.086
6280,10,0.870000005,323,2.086
6300,10,0.699999988,162,2.086
6310,10,0.75,1,2.086
6330,10,0.5,1,2.086
6350,10,0.350000024,224,2.086
6400,10,0.199999988,1211,2.086
6450,10,0.199999988,1,2.086
6500,10,0.150000036,155,2.086
6750,10,0.100000024,308,2.086
4000,38,2046.410156,25,1.202
4300,38,1755.189941,2,1.202
4500,38,1537.25,1,1.202
4550,38,1487.630127,1,1.202
5000,38,1058.170166,626,1.202
5100,38,959.8200684,1,1.202
5200,38,857.9699707,2,1.202
5300,38,765.5600586,10,1.202
5400,38,645.3601074,3,1.202
5500,38,568.6201172,4,1.202
5540,38,524.8200684,1,1.202
5550,38,520.2399902,2,1.202
5570,38,496.8901367,2,1.202
5580,38,500.8999023,28,1.202
5590,38,476.9599609,25,1.202
5610,38,467.3601074,3,1.202
5650,38,427.630127,2,1.202
5660,38,421.6401367,1,1.202
5670,38,402.7700195,1,1.202
5675,38,400.9499512,3,1.202
5705,38,381.6000977,16,1.202
5770,38,313.2900391,1,1.202
5780,38,304.7900391,1,1.202
5800,38,296.8500977,9,1.202
5820,38,277.3000488,16,1.202
5830,38,263.1899414,3,1.202
5835,38,254.1199951,1,1.202
5845,38,262.5800781,1,1.202
5850,38,253.3999939,74,1.202
5870,38,233.3000031,2,1.202
5875,38,228.9400024,10,1.202
5885,38,228.1100006,5,1.202
5890,38,222.0500031,63,1.202
5900,38,213.9499969,18,1.202
5905,38,211.3800049,3,1.202
5910,38,212.3000031,6,1.202
5920,38,202.7700043,9,1.202
5925,38,196.2200012,18,1.202
5930,38,192.4700012,1,1.202
5935,38,184.5099945,5,1.202
5940,38,190.8999939,21,1.202
5950,38,174.8600006,14,1.202
5955,38,172.6999969,16,1.202
5960,38,174.7100067,60,1.202
5965,38,171.6399994,27,1.202
5970,38,153.6199951,9,1.202
5975,38,155.1100006,1,1.202
5980,38,147.8000031,1,1.202
5990,38,139.3000031,4,1.202
6000,38,144.3300018,1550,1.202
6005,38,136.7700043,29,1.202
6010,38,140.0200043,7,1.202
6015,38,121.8000031,11,1.202
6020,38,131.0800018,34,1.202
6025,38,128.7299957,235,1.202
6030,38,126.25,4,1.202
6035,38,123.1500092,28,1.202
6040,38,120.2600098,19,1.202
6045,38,108.1300049,10,1.202
6050,38,113.0800018,396,1.202
6055,38,105.6999969,91,1.202
6060,38,108.4700012,24,1.202
6070,38,99.5,196,1.202
6075,38,100.1000061,219,1.202
6085,38,93.58000183,5,1.202
6090,38,91.38999939,40,1.202
6100,38,85.02000427,475,1.202
6110,38,80.29000854,114,1.202
6115,38,75.3500061,37,1.202
6120,38,67.93000793,2,1.202
6125,38,66,54,1.202
6130,38,63.69999695,11,1.202
6135,38,64.40000916,1,1.202
6140,38,62.58000183,1,1.202
6150,38,62.3500061,2675,1.202
6160,38,58.6000061,14,1.202
6170,38,50.72000122,1,1.202
6175,38,52.77000427,105,1.202
6180,38,44.88000488,70,1.202
6190,38,47.55999756,5,1.202
6200,38,43.00999451,849,1.202
6210,38,40.36000061,29,1.202
6225,38,30.05999756,1,1.202
6230,38,35.3500061,6,1.202
6240,38,31.05000305,58,1.202
6250,38,29.8500061,1062,1.202
6260,38,26.05999756,5,1.202
6270,38,24,94,1.202
6275,38,22.8999939,302,1.202
6280,38,23.50999451,5,1.202
6290,38,21.3999939,24,1.202
6300,38,19.55999756,3072,1.202
6310,38,17.75,2,1.202
6320,38,15.14999962,14,1.202
6325,38,14.64999962,14,1.202
6330,38,13.85000038,3,1.202
6340,38,13.69999981,4,1.202
6350,38,11.60000038,57,1.202
6360,38,11.02000046,248,1.202
6370,38,10.5,58,1.202
6375,38,10.10999966,502,1.202
6380,38,8,1,1.202
6390,38,8.399999619,26,1.202
6400,38,7.650000572,496,1.202
6410,38,6.420000076,2,1.202
6420,38,5.820000648,26,1.202
6425,38,6.119999886,12,1.202
6430,38,5.170000076,25,1.202
6440,38,5.130000114,200,1.202
6450,38,4.190000534,1027,1.202
6460,38,3.970000267,599,1.202
6500,38,2.5,49,1.202
6525,38,1.800000191,20,1.202
6550,38,1.449999809,5,1.202
6600,38,0.870000005,9,1.202
6650,38,0.720000029,1,1.202
6675,38,0.569999993,1,1.202
6700,38,0.449999988,58,1.202
6725,38,0.400000036,4,1.202
6750,38,0.350000024,29,1.202
6800,38,0.300000012,28,1.202
7200,38,0.090000033,10,1.202
7300,38,0.100000024,10,1.202
4900,51,1157.030029,20,1.045
4930,51,1127.580078,20,1.045
5700,51,399.8999023,50,1.045
5705,51,395.4599609,20,1.045
5725,51,377.6401367,25,1.045
5780,51,324.9699707,1,1.045
5800,51,327.3400879,6,1.045
5845,51,274.1000977,9,1.045
5875,51,258.3000488,1,1.045
5880,51,243.5,1,1.045
5900,51,233.6999969,1,1.045
5925,51,224.7799988,11,1.045
5935,51,213.0299988,1,1.045
5950,51,203.4100037,2,1.045
5975,51,174.3999939,5,1.045
5985,51,177.3399963,1,1.045
5990,51,173.8500061,4,1.045
6000,51,160.6199951,101,1.045
6015,51,148.8999939,24,1.045
6020,51,157.3000031,36,1.045
6025,51,155.3899994,16,1.045
6030,51,151.1999969,17,1.045
6040,51,147,2,1.045
6050,51,135.0299988,15,1.045
6060,51,132,7,1.045
6070,51,124.3000031,2,1.045
6075,51,120.5,1,1.045
6080,51,120.75,11,1.045
6090,51,115.75,2,1.045
6100,51,106.5100098,25,1.045
6110,51,101.1800079,8,1.045
6120,51,97.27999878,2,1.045
6125,51,93.80999756,2,1.045
6140,51,86.41999817,6,1.045
6175,51,68.19999695,4,1.045
6190,51,66.5,5,1.045
6200,51,63.52999878,53,1.045
6210,51,54.32000732,36,1.045
6225,51,51.90000916,5,1.045
6230,51,48.1000061,10,1.045
6240,51,45.82000732,7,1.045
6250,51,46.49000549,111,1.045
6275,51,38.02000427,9,1.045
6280,51,36.32000732,2,1.045
6290,51,33.90000916,7,1.045
6300,51,33.6000061,25,1.045
6310,51,31.3500061,6,1.045
6320,51,27.61999512,2,1.045
6340,51,24.6000061,2,1.045
6350,51,23.19999695,10,1.045
6360,51,21.1000061,1,1.045
6375,51,20,6,1.045
6400,51,15.5,4,1.045
6410,51,12.73999977,1,1.045
6420,51,11.75,1,1.045
6425,51,13.05000019,1,1.045
6450,51,10.47999954,4,1.045
6460,51,9.75,1,1.045
6470,51,8.300000191,1,1.045
6480,51,8.130000114,1,1.045
6500,51,6.699999809,31,1.045
6550,51,3.81000042,3,1.045
6600,51,2.369999886,5,1.045
6700,51,1.149999619,2,1.045
6800,51,0.569999993,2,1.045
6900,51,0.370000005,2,1.045
4000,66,2042.930176,50,1.211
5000,66,1067.73999,2450,1.211
5350,66,747.0600586,10,1.211
5500,66,607.3300781,35,1.211
5600,66,512.4499512,20,1.211
5760,66,382.6000977,1,1.211
5800,66,348.3999023,4,1.211
5815,66,326.5,1,1.211
5825,66,327.8400879,30,1.211
5850,66,304.5900879,15,1.211
5855,66,310.5,4,1.211
5870,66,275.3999023,2,1.211
5900,66,255.8999939,1,1.211
5925,66,246.25,20,1.211
5935,66,237.8000031,6,1.211
5945,66,235.6000061,6,1.211
5950,66,235.8999939,510,1.211
5995,66,201.1999969,2,1.211
6000,66,198.8500061,4281,1.211
6005,66,198.3000031,2,1.211
6020,66,183.6000061,2,1.211
6025,66,182.1499939,256,1.211
6030,66,173.2100067,3,1.211
6035,66,174,16,1.211
6040,66,176.3699951,11,1.211
6045,66,169.8999939,6,1.211
6050,66,165.3800049,1003,1.211
6060,66,160,76,1.211
6065,66,156.8500061,23,1.211
6070,66,154.8000031,44,1.211
6075,66,148.7799988,3,1.211
6080,66,147.3000031,45,1.211
6090,66,142.8000031,36,1.211
6100,66,134.3999939,96,1.211
6110,66,129.75,69,1.211
6120,66,129,60,1.211
6125,66,126.1999969,19,1.211
6130,66,118.8700104,1,1.211
6140,66,113.3300018,42,1.211
6150,66,109.4900055,32,1.211
6160,66,95.15000916,2,1.211
6170,66,98.91999817,1,1.211
6175,66,100.6000061,20,1.211
6200,66,84.80000305,48,1.211
6210,66,73.5,2,1.211
6225,66,71.3500061,9,1.211
6240,66,67.8500061,1,1.211
6250,66,64.13000488,403,1.211
6260,66,60.69999695,32,1.211
6270,66,59.5,8,1.211
6275,66,54.88999939,2,1.211
6280,66,52.47000122,1,1.211
6290,66,50.6000061,245,1.211
6300,66,48.69999695,1305,1.211
6310,66,47.08999634,46,1.211
6340,66,37.05000305,2,1.211
6350,66,36.83000183,814,1.211
6375,66,29,7,1.211
6380,66,26.57000732,2,1.211
6390,66,24.75,2,1.211
6400,66,26.72999573,548,1.211
6425,66,23.43000793,2,1.211
6450,66,19.11000061,3,1.211
6475,66,15.75,21,1.211
6500,66,13.27999973,587,1.211
6525,66,10.89999962,12,1.211
6550,66,9.199999809,16,1.211
6575,66,6.539999962,4,1.211
6600,66,6,7,1.211
6675,66,2.940000534,3,1.211
6750,66,1.819999695,26,1.211
6800,66,1.319999695,26,1.211
6850,66,0.850000024,2,1.211
7000,66,0.350000024,4,1.211
7600,66,0.150000036,1,1.211
8200,66,0.050000001,2,1.211
8400,66,0.050000001,1,1.211
9400,66,0.050000001,2,1.211
2200,80,3819.199951,1,1.27
5750,80,415,2,1.27
5800,80,359.8000488,1,1.27
5845,80,327.1000977,2,1.27
5855,80,325,5,1.27
5860,80,321.3000488,9,1.27
5865,80,317.6000977,3,1.27
5925,80,270,2,1.27
5930,80,276.1999512,8,1.27
5950,80,244.2400055,3,1.27
5975,80,236.7700043,350,1.27
5990,80,230.3000031,1,1.27
6000,80,224.5,552,1.27
6005,80,210,114,1.27
6010,80,201.1000061,110,1.27
6020,80,208.3999939,6,1.27
6025,80,206.6999969,1,1.27
6030,80,197.9700012,2,1.27
6040,80,186.3000031,2,1.27
6050,80,187.1000061,44,1.27
6055,80,178.8999939,4,1.27
6065,80,183,12,1.27
6070,80,178.8999939,5,1.27
6075,80,171.6999969,245,1.27
6095,80,164.2299957,1,1.27
6100,80,159.8999939,55,1.27
6110,80,150.1999969,2,1.27
6115,80,141.8000031,3,1.27
6120,80,144.3000031,1,1.27
6125,80,141.8000031,16,1.27
6150,80,132,2,1.27
6165,80,120.9000092,3,1.27
6170,80,113.5,2,1.27
6200,80,104.8700104,8,1.27
6205,80,105,7,1.27
6210,80,94,3,1.27
6220,80,97.40000916,3,1.27
6240,80,81.38000488,1,1.27
6290,80,70.80000305,11,1.27
6300,80,66.24000549,2,1.27
6305,80,60.6000061,13,1.27
6325,80,56.19999695,7,1.27
6465,80,27.1000061,8,1.27
6500,80,21.8999939,17,1.27
6525,80,17.3999939,13,1.27
6700,80,5.300000191,8,1.27
6840,80,1.989999771,1,1.27
6900,80,1.340000153,1,1.27
7100,80,0.449999988,4,1.27
8200,80,0.100000024,1,1.27
2500,101,3549.350098,2,1.342
4000,101,2059.949951,50,1.342
5000,101,1092.150146,2050,1.342
5300,101,807,2,1.342
5500,101,650.0300293,15,1.342
5520,101,627.5,1,1.342
5525,101,616.130127,60,1.342
5600,101,559.1999512,10,1.342
5650,101,496.3300781,1,1.342
5700,101,480.7399902,20,1.342
5750,101,428,92,1.342
5800,101,397.8000488,5,1.342
5850,101,361.7900391,25,1.342
5860,101,343.5,5,1.342
5875,101,337.6000977,5,1.342
5900,101,327.0500488,10,1.342
5925,101,306.2199707,26,1.342
5940,101,290.8000488,2,1.342
5950,101,277.4299316,13,1.342
5975,101,270.6201172,36,1.342
6000,101,256.3500977,15945,1.342
6010,101,241.4499969,1,1.342
6025,101,231.3600006,107,1.342
6030,101,223.1999969,6,1.342
6050,101,216.6999969,6,1.342
6060,101,209,1,1.342
6075,101,204.8200073,7,1.342
6080,101,203.1799927,1,1.342
6090,101,192.0899963,2,1.342
6100,101,190.1000061,210,1.342
6110,101,178.9199982,4,1.342
6120,101,173.3000031,2,1.342
6125,101,171.2299957,20,1.342
6130,101,168,1,1.342
6140,101,162.3999939,1,1.342
6150,101,160.3000031,48,1.342
6175,101,146.0200043,16,1.342
6200,101,135,221,1.342
6210,101,124.5,1,1.342
6225,101,112.6999969,10,1.342
6230,101,115.3000031,1,1.342
6250,101,107.3300018,1,1.342
6260,101,102.1000061,1,1.342
6275,101,98.55000305,1,1.342
6290,101,94.27999878,3,1.342
6300,101,90.27999878,30,1.342
6325,101,80.90000916,176,1.342
6350,101,73,142,1.342
6375,101,64.6000061,171,1.342
6400,101,57.30000305,546,1.342
6425,101,49,30,1.342
6450,101,45.75,278,1.342
6475,101,37.55000305,15,1.342
6500,101,34.8500061,47,1.342
6525,101,29.1499939,500,1.342
6550,101,24.5,21,1.342
6600,101,20,2110,1.342
6675,101,11.57999992,1,1.342
6700,101,9.909999847,1,1.342
6750,101,7.869999886,34,1.342
6800,101,5.820000648,32,1.342
6850,101,4,2,1.342
7000,101,1.75,2,1.342
7100,101,1.149999619,1,1.342
7200,101,0.699999988,2,1.342
1200,112,4820.710938,2,1.264
5400,112,745.5,1,1.264
5820,112,391.1999512,1,1.264
5825,112,387.8000488,1,1.264
5830,112,384.1999512,1,1.264
5840,112,375.8000488,1,1.264
5850,112,372.6699219,2,1.264
5880,112,345.8999023,1,1.264
5890,112,339.1999512,1,1.264
5900,112,343.2600098,89,1.264
5940,112,313.6799316,4,1.264
5950,112,306.8100586,1,1.264
5960,112,288.3000488,1,1.264
6000,112,260.5,201,1.264
6010,112,265.3999023,2,1.264
6050,112,230.3699951,1,1.264
6060,112,224.0200043,1,1.264
6070,112,217.8500061,1,1.264
6080,112,208.0299988,2,1.264
6090,112,207.4700012,1,1.264
6100,112,194.6399994,1,1.264
6125,112,185.0599976,2,1.264
6130,112,179.1000061,11,1.264
6150,112,172.2700043,1,1.264
6160,112,164.6999969,1,1.264
6170,112,157.1000061,1,1.264
6175,112,161.5,5,1.264
6190,112,147.4499969,1,1.264
6200,112,148.3000031,16,1.264
6210,112,135.3999939,5,1.264
6220,112,131.5,4,1.264
6225,112,127.9100037,1,1.264
6230,112,126.4300079,4,1.264
6250,112,120,2,1.264
6270,112,108.1399994,8,1.264
6275,112,106.0899963,8,1.264
6300,112,102.0899963,38,1.264
6400,112,66.68000793,527,1.264
6440,112,53.80000305,14,1.264
6450,112,49.19999695,504,1.264
6460,112,47,2,1.264
6500,112,38.25,1,1.264
6575,112,27.49000549,1,1.264
6600,112,22.1000061,14,1.264
6625,112,21.69999695,9,1.264
6650,112,17.8500061,1,1.264
6675,112,15.60000038,14,1.264
6700,112,13.69999981,8,1.264
6800,112,7.199999809,1,1.264
6825,112,6.25,1,1.264
6950,112,3.06000042,1,1.264
7000,112,2.319999695,3,1.264
5000,129,1115.030029,1,1.263
5775,129,460.3999023,87,1.263
5800,129,443.4499512,6,1.263
5825,129,421.8999023,3,1.263
5850,129,402.7199707,14,1.263
5925,129,349.1999512,4,1.263
5975,129,313.6999512,4,1.263
5980,129,301.6000977,1,1.263
6000,129,292.1599121,13,1.263
6010,129,278.25,6,1.263
6020,129,275,1,1.263
6025,129,280.9899902,4,1.263
6040,129,270.8100586,12,1.263
6050,129,262.5700684,105,1.263
6075,129,241,1,1.263
6080,129,236.3300018,2,1.263
6100,129,226.3000031,50,1.263
6125,129,211.0099945,501,1.263
6150,129,202,27,1.263
6175,129,177.8000031,3,1.263
6200,129,169.5399933,18,1.263
6225,129,158.7200012,25,1.263
6275,129,136.2700043,5,1.263
6300,129,123,120,1.263
6325,129,110.8200073,6,1.263
6350,129,100.8700104,16,1.263
6400,129,85.88000488,638,1.263
6425,129,77.62001038,3,1.263
6450,129,69.91999817,252,1.263
6500,129,53.97000122,522,1.263
6550,129,44.40000916,6,1.263
6575,129,40,1430,1.263
6600,129,33.97000122,29,1.263
6700,129,20.69000244,3,1.263
6750,129,16.16999817,26,1.263
6800,129,12.47000027,278,1.263
6900,129,6.880000114,2,1.263
6950,129,5.180000305,2,1.263
7200,129,1.649999619,2,1.263
5950,143,348.1999512,2,1.19
5975,143,333.6000977,6,1.19
6000,143,321.0500488,4,1.19
6100,143,245.0200043,11,1.19
6150,143,217.5299988,2,1.19
6175,143,205.9499969,6,1.19
6200,143,195.5500031,15,1.19
6300,143,137.3999939,2,1.19
6400,143,99.55000305,7,1.19
6425,143,92.52999878,4,1.19
6550,143,53.19999695,4,1.19
6600,143,42.80000305,2,1.19
6700,143,27.19999695,1,1.19
6800,143,16.69999695,1,1.19
6900,143,9.899999619,2,1.19
7000,143,6,2,1.19
1200,20,4820.480469,12,1.236
4000,20,2041.430176,3,1.236
4560,20,1469.73999,1,1.236
5000,20,1045.050049,5,1.236
5100,20,929.2700195,1,1.236
5150,20,879.8200684,1,1.236
5275,20,759.6501465,2,1.236
5500,20,539.7600098,1,1.236
5550,20,501.1499023,6,1.236
5555,20,480.6599121,5,1.236
5600,20,452.3500977,1,1.236
5670,20,372.2199707,1,1.236
5700,20,351.8500977,24,1.236
5720,20,318.9199219,1,1.236
5725,20,319.1599121,20,1.236
5750,20,304.8999023,302,1.236
5765,20,277.9499512,1,1.236
5770,20,278.6699219,2,1.236
5785,20,260.3701172,1,1.236
5800,20,257.6201172,23,1.236
5810,20,248.5700073,1,1.236
5820,20,232.3899994,3,1.236
5825,20,223.5599976,11,1.236
5835,20,218.8200073,3,1.236
5850,20,201.9799957,3,1.236
5855,20,202.5700073,2,1.236
5875,20,182.3200073,2,1.236
5890,20,167.0399933,9,1.236
5900,20,173.8099976,321,1.236
5905,20,160.5899963,13,1.236
5910,20,165.1100006,6,1.236
5915,20,151.9299927,1,1.236
5920,20,157.2599945,19,1.236
5925,20,158.6799927,22,1.236
5930,20,140.6000061,2,1.236
5935,20,136.8500061,1,1.236
5940,20,139.3000031,3,1.236
5945,20,135.3500061,6,1.236
5950,20,134.1999969,31,1.236
5955,20,127.6000061,8,1.236
5960,20,119.8000031,4,1.236
5965,20,120.8300018,5,1.236
5970,20,116.9499969,5,1.236
5975,20,108.6200104,49,1.236
5980,20,113.3000031,1,1.236
5985,20,107.4000092,21,1.236
5990,20,104.1999969,7,1.236
5995,20,106,18,1.236
6000,20,98.5,2731,1.236
6005,20,97.19999695,34,1.236
6010,20,97,12,1.236
6015,20,89.1000061,15,1.236
6020,20,82.58000183,1041,1.236
6025,20,84,213,1.236
6030,20,83.5,131,1.236
6035,20,77.16999817,20,1.236
6040,20,74.80000305,137,1.236
6045,20,63.6000061,6,1.236
6050,20,68.69999695,528,1.236
6055,20,66.1000061,6,1.236
6060,20,63.80000305,149,1.236
6065,20,58.80000305,19,1.236
6070,20,52.16999817,12,1.236
6075,20,57,666,1.236
6080,20,54.40000916,33,1.236
6085,20,47.58000183,20,1.236
6090,20,50.82000732,15,1.236
6095,20,48.57000732,20,1.236
6100,20,44.04000854,213,1.236
6105,20,40.19999695,6,1.236
6110,20,36.40000916,7,1.236
6115,20,33.32000732,2,1.236
6120,20,34,25,1.236
6125,20,33.5,41,1.236
6130,20,28.05999756,107,1.236
6135,20,28.1000061,6,1.236
6140,20,30.61999512,5,1.236
6145,20,23.05000305,17,1.236
6150,20,26.47999573,751,1.236
6155,20,22.69999695,1,1.236
6165,20,23.19999695,29,1.236
6170,20,19.72999573,5,1.236
6175,20,17.8999939,47,1.236
6180,20,18,40,1.236
6185,20,14.38000011,1,1.236
6190,20,16.05000305,326,1.236
6200,20,14.77000046,4966,1.236
6205,20,14.22000027,35,1.236
6210,20,13.5,24,1.236
6215,20,11.92000008,7,1.236
6220,20,10.5,8,1.236
6225,20,10.25,108,1.236
6230,20,10.60000038,30,1.236
6235,20,9.800000191,9,1.236
6240,20,9.5,54,1.236
6245,20,8.899999619,17,1.236
6250,20,7.699999809,1294,1.236
6255,20,7.150000572,2,1.236
6260,20,6.199999809,22,1.236
6265,20,6.800000191,25,1.236
6270,20,6.300000191,35,1.236
6275,20,5.320000648,26,1.236
6285,20,4.300000191,1,1.236
6290,20,4.199999809,3,1.236
6300,20,3.850000381,553,1.236
6305,20,3.920000076,5,1.236
6315,20,3.420000076,6,1.236
6325,20,2.420000076,2,1.236
6340,20,2.150000572,1,1.236
6350,20,1.850000381,31,1.236
6400,20,0.949999988,41,1.236
6425,20,0.560000002,10,1.236
6450,20,0.560000002,20,1.236
6470,20,0.529999971,1,1.236
6475,20,0.379999995,20,1.236
6500,20,0.400000036,25,1.236
6550,20,0.300000012,2,1.236
6575,20,0.220000029,2,1.236
6600,20,0.220000029,1,1.236
6700,20,0.150000036,20,1.236
6800,20,0.050000001,1,1.236
6900,20,0.100000024,2,1.236
7000,20,0.100000024,11,1.236
7100,20,0.100000024,1,1.236
7400,20,0.050000001,10,1.236
7600,20,0.050000001,1,1.236
5750,164,519,10,1.288
5800,164,481,39,1.288
5900,164,401.4399414,58,1.288
5925,164,394.8000488,3,1.288
5950,164,380.1101074,1,1.288
5975,164,359.6499023,3,1.288
5990,164,341.6000977,1,1.288
6000,164,340.7800293,9,1.288
6010,164,333.2600098,7,1.288
6020,164,330.3000488,6,1.288
6025,164,323.3601074,104,1.288
6030,164,319.6799316,12,1.288
6050,164,306.4299316,86,1.288
6060,164,292.3000488,1,1.288
6075,164,287.5,2,1.288
6080,164,284.3999023,1,1.288
6090,164,274.8999023,1,1.288
6100,164,278.0100098,1,1.288
6110,164,264,2,1.288
6120,164,257.8000488,2,1.288
6130,164,253.3000031,1,1.288
6140,164,244.6000061,6,1.288
6150,164,239,31,1.288
6160,164,240.3999939,5,1.288
6170,164,227.1000061,1,1.288
6175,164,232.3999939,6,1.288
6190,164,221,1,1.288
6200,164,202.8999939,1,1.288
6210,164,205.3999939,1,1.288
6225,164,196.6000061,1,1.288
6230,164,199.2200012,3,1.288
6240,164,189.3000031,2,1.288
6250,164,187.2700043,113,1.288
6275,164,176.5,547,1.288
6300,164,166.6300049,106,1.288
6325,164,143.1000061,6,1.288
6350,164,139.8999939,17,1.288
6375,164,127.8000031,4,1.288
6400,164,118.8300018,24,1.288
6425,164,111,79,1.288
6450,164,100.1200104,207,1.288
6475,164,86.19999695,2,1.288
6500,164,86.38999939,40,1.288
6525,164,73.33000183,1,1.288
6550,164,70.80000305,15,1.288
6575,164,60.30000305,10,1.288
6600,164,57.1000061,109,1.288
6625,164,49.36000061,7,1.288
6675,164,42.30000305,1,1.288
6700,164,37.86999512,32,1.288
6750,164,30.66000366,40,1.288
6800,164,24.61000061,34,1.288
6850,164,18.22999573,1,1.288
6900,164,15.5,22,1.288
7200,164,3.489999771,1,1.288
7300,164,2.270000458,1,1.288
7600,164,0.75,1,1.288
5870,171,429.2700195,4,1.292
6150,171,246.5,1,1.292
6200,171,215.2299957,8,1.292
6400,171,120.1999969,4,1.292
6450,171,106.1200104,5,1.292
6500,171,85.19000244,4,1.292
6550,171,72.21000671,1,1.292
6600,171,59.90000916,2,1.292
6700,171,40.30000305,5,1.292
5000,192,1184.670166,3014,1.333
5750,192,548.6000977,1,1.333
5800,192,510.630127,150,1.333
5900,192,443.5700684,13,1.333
5925,192,425.4699707,4,1.333
5975,192,390.8701172,12,1.333
6000,192,376.1599121,3098,1.333
6050,192,330.8200684,3,1.333
6075,192,321.6799316,100,1.333
6100,192,306.4899902,138,1.333
6150,192,266.1999512,102,1.333
6200,192,239.8200073,306,1.333
6250,192,218.3999939,61,1.333
6275,192,207.3000031,1,1.333
6300,192,193.8500061,663,1.333
6325,192,179.9499969,1,1.333
6400,192,146.8000031,418,1.333
6425,192,134.9299927,15,1.333
6450,192,126.1699982,13,1.333
6500,192,108.0100098,138,1.333
6525,192,98.02999878,10,1.333
6550,192,91.5,134,1.333
6575,192,80.3500061,10,1.333
6600,192,78.5,818,1.333
6625,192,67.26000977,1,1.333
6650,192,65.04000854,2,1.333
6675,192,56.1000061,6,1.333
6700,192,54.1000061,8,1.333
6750,192,44.44000244,3,1.333
6775,192,41,747,1.333
6800,192,36.88000488,557,1.333
6900,192,23.6000061,4,1.333
7000,192,15.56999969,711,1.333
7050,192,12.60000038,6,1.333
7100,192,9.699999809,3,1.333
7200,192,6.699999809,3,1.333
7300,192,4.300000191,3,1.333
7400,192,2.949999809,303,1.333
7500,192,1.899999619,2,1.333
7600,192,1.300000191,2,1.333
7700,192,0.899999976,3,1.333
7900,192,0.540000021,100,1.333
8400,192,0.150000036,1,1.333
3500,204,2602.439941,14,1.308
4525,204,1618.219971,2,1.308
5000,204,1173.27002,1,1.308
5025,204,1162.75,2,1.308
5375,204,852.2600098,2,1.308
5560,204,717.6999512,1,1.308
5570,204,709.6000977,1,1.308
5610,204,661.4599609,1,1.308
5740,204,565.4199219,1,1.308
5800,204,516.5200195,4,1.308
5870,204,469.6699219,2,1.308
5875,204,471.3200684,2,1.308
5890,204,450.2099609,1,1.308
5900,204,447.8000488,2,1.308
5990,204,384.8500977,1,1.308
6000,204,388,13,1.308
6040,204,360.7199707,1,1.308
6050,204,345.130127,1,1.308
6100,204,316.25,3,1.308
6120,204,298.3300781,2,1.308
6175,204,266.3500977,2,1.308
6200,204,258,28,1.308
6250,204,232.3200073,23,1.308
6275,204,208.3300018,2,1.308
6300,204,203.8000031,3,1.308
6325,204,191.4400024,1,1.308
6375,204,167.0700073,6,1.308
6400,204,153.0099945,1,1.308
6425,204,142.6100006,4,1.308
6450,204,132.6399994,4,1.308
6475,204,121.4600067,1,1.308
6500,204,110.8899994,2,1.308
6550,204,95.98001099,5,1.308
6575,204,0,3,1.308
6600,204,84.12001038,4,1.308
6675,204,64.62001038,1,1.308
6700,204,60.5,51,1.308
6800,204,41.19999695,3,1.308
6850,204,35.02999878,11,1.308
6900,204,28.19999695,6,1.308
6950,204,23.02000427,40,1.308
7000,204,18.5,47,1.308
7100,204,11.80000019,2,1.308
7200,204,7.900000572,12,1.308
7300,204,5.150000572,1,1.308
7800,204,0.699999988,5,1.308
8000,204,0.600000024,6,1.308
8200,204,0.400000036,2,1.308
5000,220,1204.25,5,1.306
5300,220,946.5,6,1.306
5775,220,558.9199219,1,1.306
5800,220,552.6699219,4,1.306
5900,220,467.25,2,1.306
5925,220,445.5600586,1,1.306
5950,220,437.5500488,1,1.306
6000,220,410,8,1.306
6025,220,392.3999023,1,1.306
6050,220,373.3200684,6,1.306
6100,220,339.0400391,256,1.306
6125,220,312.6000977,2,1.306
6150,220,305.6000977,2,1.306
6175,220,288.8999023,2,1.306
6200,220,278.6999512,6,1.306
6225,220,260,2,1.306
6250,220,245.6999969,2,1.306
6275,220,236.5,3,1.306
6300,220,223.8099976,4,1.306
6325,220,203.3000031,3,1.306
6350,220,195.3000031,10,1.306
6375,220,185.3999939,7,1.306
6400,220,171.8500061,14,1.306
6425,220,158.8000031,2,1.306
6450,220,151.8999939,18,1.306
6475,220,142.5399933,3,1.306
6500,220,131.3999939,304,1.306
6525,220,122.9000092,6,1.306
6550,220,113.0700073,17,1.306
6575,220,104.6399994,2,1.306
6600,220,98.02000427,7,1.306
6625,220,87.80000305,1,1.306
6650,220,78.19999695,3,1.306
6675,220,76.44999695,2,1.306
6700,220,69.30000305,19,1.306
6750,220,60,59,1.306
6775,220,54.75,48,1.306
6800,220,50.15000916,59,1.306
6825,220,45.86999512,7,1.306
6850,220,41.50999451,3,1.306
6875,220,37.69999695,2,1.306
6950,220,28.80000305,47,1.306
7000,220,22.80000305,9,1.306
7050,220,19.19999695,6,1.306
7100,220,15.80000019,12,1.306
7150,220,12.35000038,6,1.306
7200,220,9.699999809,1,1.306
7300,220,6.699999809,5000,1.306
7800,220,1.100000381,10,1.306
7900,220,0.75,5002,1.306
4000,255,2132.169922,1,1.304
5725,255,634.1501465,1,1.304
5800,255,583.1999512,37,1.304
5875,255,526.880127,2,1.304
5925,255,484.5700684,16,1.304
5950,255,475.2299805,4,1.304
5975,255,454.0300293,4,1.304
6000,255,438.1499023,3,1.304
6075,255,388.1999512,4,1.304
6100,255,368.5500488,2,1.304
6150,255,340.9099121,2,1.304
6200,255,312.8200684,5,1.304
6250,255,277.3999023,101,1.304
6325,255,244.8000031,5,1.304
6350,255,232.8999939,2,1.304
6375,255,213.0899963,4,1.304
6400,255,207.6999969,4,1.304
6450,255,182.6999969,5,1.304
6475,255,169.6999969,1,1.304
6500,255,160.7100067,9,1.304
6525,255,152.6999969,8,1.304
6575,255,133.6999969,1,1.304
6600,255,122.9199982,9,1.304
6675,255,96.48001099,2,1.304
6700,255,93.6000061,4,1.304
6750,255,76,12,1.304
6775,255,74.07000732,61,1.304
6800,255,68.47000122,63,1.304
6850,255,58.30000305,3,1.304
6900,255,48.55999756,3,1.304
6950,255,41.40000916,5,1.304
7000,255,35.19999695,1,1.304
7050,255,29.44999695,45,1.304
7100,255,24.69999695,16,1.304
7500,255,5.710000038,3,1.304
7800,255,2.199999809,43,1.304
8400,255,0.449999988,2,1.304
5500,283,828.5700684,4,1.35
5600,283,755.6000977,60,1.35
5675,283,698.1000977,3,1.35
5750,283,633.5800781,2,1.35
5950,283,496.0600586,6,1.35
6000,283,471,41,1.35
6025,283,451.5200195,5,1.35
6100,283,402.5,3,1.35
6250,283,311.5500488,102,1.35
6300,283,284.1999512,1,1.35
6325,283,265.1999512,5,1.35
6350,283,255.9400024,60,1.35
6400,283,228.9900055,10,1.35
6500,283,184.4799957,8,1.35
6525,283,170.4299927,12,1.35
6550,283,159.8000031,64,1.35
6600,283,142.3999939,20,1.35
6625,283,134.5,9,1.35
6675,283,118.4700012,2,1.35
6700,283,108.2799988,100,1.35
6725,283,100.6300049,18,1.35
6775,283,89.36000061,53,1.35
6800,283,83.16000366,193,1.35
6825,283,77.58000183,700,1.35
6850,283,72.90000916,1,1.35
6875,283,66.1000061,7,1.35
6900,283,62.63999939,66,1.35
6950,283,51.19000244,60,1.35
6975,283,49.40000916,705,1.35
7000,283,44.69999695,1,1.35
7200,283,23.69000244,75,1.35
7300,283,16.75,15,1.35
7400,283,11.80000019,14,1.35
7500,283,8.600000381,2002,1.35
7600,283,6.320000648,7,1.35
7700,283,4.5,4,1.35
7800,283,3.359999657,11,1.35
8200,283,1.149999619,2000,1.35
5725,294,669.1501465,12,1.325
5750,294,656.7800293,37,1.325
5775,294,635.0700684,2,1.325
5850,294,581.75,4,1.325
5875,294,563.9399414,20,1.325
5900,294,543.6899414,134,1.325
6200,294,343.1000977,1,1.325
6275,294,299.8999023,1,1.325
6325,294,276.8000488,25,1.325
6350,294,263.6000977,10,1.325
6375,294,254.3000031,25,1.325
6425,294,229.3000031,10,1.325
6450,294,217.1999969,10,1.325
6500,294,194.3999939,10,1.325
6600,294,153.6000061,10,1.325
6650,294,135.5,10,1.325
6750,294,101,8,1.325
6800,294,87.90000916,6,1.325
7000,294,47.40000916,2,1.325
7400,294,13.35999966,2,1.325
5900,311,555.6999512,51,1.318
6000,311,489.7199707,3,1.318
6200,311,363.1201172,1,1.318
6300,311,305.5700684,1,1.318
6400,311,255.4900055,92,1.318
6500,311,208.0800018,10,1.318
6700,311,127.3000031,9,1.318
6750,311,115.7700043,25,1.318
6800,311,101.4700012,71,1.318
7000,311,57.61999512,2,1.318
7100,311,42.61999512,2,1.318
7300,311,22.75,3,1.318
7400,311,15.69999981,2,1.318
7600,311,9.100000381,3,1.318
7800,311,4.800000191,2,1.318
9000,311,0.550000012,1,1.318
5725,339,711.1999512,12,1.339
5750,339,698.9799805,34,1.339
5775,339,677.5700684,2,1.339
5850,339,624.8500977,4,1.339
5875,339,607.2399902,20,1.339
5900,339,593.4299316,684,1.339
5925,339,564.4199219,16,1.339
5950,339,555.8300781,4,1.339
5975,339,534.4799805,4,1.339
6000,339,513.6999512,253,1.339
6075,339,469.1499023,4,1.339
6100,339,453.8901367,3,1.339
6300,339,338.2800293,550,1.339
6750,339,131.6199951,26,1.339
6800,339,116.4199982,26,1.339
7000,339,69.90000916,1,1.339
7100,339,50.29000854,2,1.339
7200,339,37.38999939,2,1.339
200,373,5784.320313,2,1.353
3500,373,2658.77002,2,1.353
5500,373,904.75,1,1.353
5525,373,882.4199219,60,1.353
5800,373,688.5600586,250,1.353
5925,373,600,906,1.353
6000,373,542,706,1.353
6025,373,533.1000977,900,1.353
6050,373,515.5200195,60,1.353
6100,373,490,110,1.353
6200,373,425.2800293,217,1.353
6225,373,405.3000488,4,1.353
6250,373,399.6999512,5,1.353
6425,373,295.5200195,60,1.353
6475,373,276.1000977,9,1.353
6500,373,256.6401367,63,1.353
6525,373,245.1999969,1,1.353
6600,373,214.5899963,300,1.353
6650,373,191.8000031,20,1.353
6675,373,184.3999939,9,1.353
6700,373,175.5,56,1.353
6725,373,166.8800049,8,1.353
6750,373,156.2799988,61,1.353
6775,373,149.9900055,67,1.353
6800,373,138.2599945,63,1.353
6875,373,114,1,1.353
6900,373,108.3700104,6,1.353
7000,373,88.40000916,123,1.353
7100,373,68.22000122,9,1.353
7150,373,59.13999939,698,1.353
7200,373,52.19999695,54,1.353
7250,373,44.94999695,200,1.353
7300,373,37.90000916,7,1.353
7400,373,28.55000305,5,1.353
7500,373,22.16999817,20,1.353
7600,373,17.27000427,66,1.353
7700,373,12.89999962,4,1.353
7800,373,10.19999981,124,1.353
7900,373,7.600000381,4,1.353
8000,373,6.070000648,7,1.353
8200,373,3.800000191,7,1.353
8400,373,2.5,3,1.353
8800,373,1.230000496,100,1.353
12000,373,0.199999988,5,1.353
6000,465,621,11,1.346
6100,465,552.7399902,150,1.346
4000,556,2258.679932,3,1.35
5000,556,1423.5,22,1.35
5500,556,1031.390137,2,1.35
6000,556,695,459,1.35
6075,556,642.1999512,1,1.35
6100,556,626.3500977,51,1.35
6200,556,565.4699707,152,1.35
6300,556,507.3999023,218,1.35
6400,556,460.8999023,100,1.35
6500,556,406.8000488,121,1.35
6650,556,330.6000977,10,1.35
6725,556,299.8999023,5,1.35
6800,556,259.4399414,72,1.35
6850,556,244.1100006,3,1.35
6950,556,206.6300049,1,1.35
7000,556,194.3899994,563,1.35
7050,556,177.0800018,4,1.35
7150,556,148.1999969,6,1.35
7200,556,133.6300049,4,1.35
7250,556,122.4300079,4,1.35
7400,556,91.40000916,58,1.35
7500,556,73.27999878,108,1.35
7800,556,39.33000183,4,1.35
7900,556,31.44000244,52,1.35
8000,556,25.72999573,106,1.35
8400,556,11.94999981,400,1.35
8600,556,8.489999771,40,1.35
8800,556,6,800,1.35
9000,556,4.320000648,80,1.35
9400,556,2.25,10,1.35
10000,556,1.230000496,10,1.35
11000,556,0.560000002,20,1.35
3000,920,3245.719971,1,1.387
5000,920,1617.070068,1,1.387
5150,920,1509.070068,1,1.387
5800,920,1070,125,1.387
6700,920,551,10,1.387
6800,920,514.0900879,2,1.387
7000,920,414,5,1.387
7500,920,241.6000061,9,1.387
7800,920,165.6600037,3,1.387
8600,920,53.38999939,1,1.387
10000,920,10.11999989,2,1.387
11000,920,4.61000061,4,1.387
12000,920,1.899999619,8,1.387
6000,2019,1640.5,1,1.378
9000,2019,412.5800781,10,1.378
10000,2019,223.8999939,10,1.378
11000,2019,121.6000061,18,1.378
12000,2019,56.5,18,1.378
5000,1284,1815.120117,4,1.385
5300,1284,1615.199951,1,1.385
6000,1284,1182.870117,3,1.385
8200,1284,239.1999969,5,1.385
10000,1284,37.40000916,2,1.385
6000,1655,1404.680176,2,1.373
6500,1655,1130.48999,1,1.373
7000,1655,893.6799316,1,1.373
9200,1655,209.5,5,1.373
9600,1655,144.8000031,10,1.373
11000,1655,47.13000488,1,1.373
12000,1655,22.58000183,2,1.373
